state_fid,beta,,0,,,1,,,2,,,3,,,4,,,5,,,6,,,7,,,8,,,9,,,10,,,11,,,12,,,13,,,14,,,15,,,16,,,17,,,18,,,19,
0.25,0,,state_fid,beta,,state_fid,beta,,state_fid,beta,,state_fid,beta,,state_fid,beta,,state_fid,beta,,state_fid,beta,,state_fid,beta,,state_fid,beta,,state_fid,beta,,state_fid,beta,,state_fid,beta,,state_fid,beta,,state_fid,beta,,state_fid,beta,,state_fid,beta,,state_fid,beta,,state_fid,beta,,state_fid,beta,,state_fid,beta
0.250089823,0.01,,0.25,0,,0.25,0,,0.25,0,,0.25,0,,0.25,0,,0.25,0,,0.25,0,,0.25,0,,0.25,0,,0.25,0,,0.25,0,,0.25,0,,0.25,0,,0.25,0,,0.25,0,,0.25,0,,0.25,0,,0.25,0,,0.25,0,,0.25,0
0.249601587,0.02,,0.249984703,0.01,,0.24844498,0.01,,0.25108257,0.01,,0.249526442,0.01,,0.250679532,0.01,,0.250004439,0.01,,0.248548075,0.01,,0.24984683,0.01,,0.252863349,0.01,,0.250886434,0.01,,0.248714899,0.01,,0.250216451,0.01,,0.250834579,0.01,,0.24896622,0.01,,0.249673456,0.01,,0.252757141,0.01,,0.250381661,0.01,,0.250815461,0.01,,0.247676881,0.01,,0.249892356,0.01
0.250561253,0.03,,0.253886796,0.02,,0.253168456,0.02,,0.250302611,0.02,,0.245786764,0.02,,0.244823837,0.02,,0.248716144,0.02,,0.253058701,0.02,,0.251130095,0.02,,0.247370105,0.02,,0.253850268,0.02,,0.25391643,0.02,,0.244652513,0.02,,0.247404964,0.02,,0.248413466,0.02,,0.25144735,0.02,,0.249203221,0.02,,0.245862853,0.02,,0.248051156,0.02,,0.251097068,0.02,,0.24988894,0.02
0.249342637,0.04,,0.245565435,0.03,,0.25302136,0.03,,0.257949633,0.03,,0.257964913,0.03,,0.248562785,0.03,,0.253395869,0.03,,0.244887061,0.03,,0.244773693,0.03,,0.24097461,0.03,,0.256133179,0.03,,0.250057613,0.03,,0.258312386,0.03,,0.249591231,0.03,,0.245103455,0.03,,0.248098079,0.03,,0.255271204,0.03,,0.245907348,0.03,,0.249587941,0.03,,0.249400312,0.03,,0.256666951,0.03
0.251617213,0.05,,0.259560606,0.04,,0.245924795,0.04,,0.241578301,0.04,,0.246625683,0.04,,0.245203202,0.04,,0.253194569,0.04,,0.259485475,0.04,,0.246906811,0.04,,0.254418099,0.04,,0.241908762,0.04,,0.239431964,0.04,,0.259053252,0.04,,0.249107345,0.04,,0.246488852,0.04,,0.245177769,0.04,,0.251110096,0.04,,0.249669701,0.04,,0.25570521,0.04,,0.254504385,0.04,,0.241797869,0.04
0.251262025,0.06,,0.239587736,0.05,,0.258596896,0.05,,0.249838399,0.05,,0.255038378,0.05,,0.234943824,0.05,,0.255597776,0.05,,0.25391638,0.05,,0.235485174,0.05,,0.256297145,0.05,,0.255134469,0.05,,0.25651587,0.05,,0.236896623,0.05,,0.261476026,0.05,,0.260626891,0.05,,0.253020991,0.05,,0.258970672,0.05,,0.259109989,0.05,,0.246297547,0.05,,0.252842268,0.05,,0.252151201,0.05
0.250500065,0.07,,0.263012019,0.06,,0.257756901,0.06,,0.263446212,0.06,,0.24057184,0.06,,0.257297391,0.06,,0.256198415,0.06,,0.241778494,0.06,,0.25930625,0.06,,0.245345527,0.06,,0.265598696,0.06,,0.247658916,0.06,,0.242783489,0.06,,0.257708483,0.06,,0.265442052,0.06,,0.239731366,0.06,,0.246562709,0.06,,0.254631082,0.06,,0.234242488,0.06,,0.248235922,0.06,,0.237932241,0.06
0.249032249,0.08,,0.239347413,0.07,,0.265465326,0.07,,0.241404038,0.07,,0.252312074,0.07,,0.266053865,0.07,,0.238215295,0.07,,0.254314812,0.07,,0.255745631,0.07,,0.249026979,0.07,,0.250655716,0.07,,0.259112079,0.07,,0.241324963,0.07,,0.266259942,0.07,,0.262074441,0.07,,0.242030217,0.07,,0.239623056,0.07,,0.232548645,0.07,,0.265839933,0.07,,0.240449875,0.07,,0.24819699,0.07
0.245862291,0.09,,0.243431595,0.08,,0.24811814,0.08,,0.23115706,0.08,,0.226298039,0.08,,0.261475605,0.08,,0.253688233,0.08,,0.265826241,0.08,,0.245319451,0.08,,0.257098036,0.08,,0.254230134,0.08,,0.251650601,0.08,,0.261623568,0.08,,0.243706892,0.08,,0.240859878,0.08,,0.244617236,0.08,,0.25444166,0.08,,0.269807593,0.08,,0.244740435,0.08,,0.244024965,0.08,,0.238529619,0.08
0.247265687,0.1,,0.227862656,0.09,,0.234570931,0.09,,0.263027907,0.09,,0.242747341,0.09,,0.232114644,0.09,,0.232451241,0.09,,0.247700313,0.09,,0.261644988,0.09,,0.254488151,0.09,,0.230634484,0.09,,0.223898569,0.09,,0.270392197,0.09,,0.24536976,0.09,,0.271728758,0.09,,0.251541762,0.09,,0.227211072,0.09,,0.26683811,0.09,,0.266632485,0.09,,0.244803112,0.09,,0.221587346,0.09
0.239769254,0.11,,0.256258798,0.1,,0.249508197,0.1,,0.24364618,0.1,,0.240025196,0.1,,0.229647296,0.1,,0.261182406,0.1,,0.259345712,0.1,,0.265919031,0.1,,0.242619175,0.1,,0.237520807,0.1,,0.245659816,0.1,,0.263744719,0.1,,0.253746055,0.1,,0.237368193,0.1,,0.263994588,0.1,,0.247262644,0.1,,0.252063606,0.1,,0.258593991,0.1,,0.21995077,0.1,,0.21725655,0.1
0.240568185,0.12,,0.240574579,0.11,,0.270702499,0.11,,0.245333318,0.11,,0.259650918,0.11,,0.216415188,0.11,,0.255892439,0.11,,0.244191833,0.11,,0.257718005,0.11,,0.229922591,0.11,,0.246382052,0.11,,0.242438696,0.11,,0.217576558,0.11,,0.224036159,0.11,,0.225467072,0.11,,0.248450238,0.11,,0.241018175,0.11,,0.217140272,0.11,,0.252942645,0.11,,0.214806646,0.11,,0.24472519,0.11
0.232254963,0.13,,0.244437421,0.12,,0.242440304,0.12,,0.212500502,0.12,,0.241333062,0.12,,0.223401755,0.12,,0.248829576,0.12,,0.222579586,0.12,,0.268206905,0.12,,0.260684947,0.12,,0.222925908,0.12,,0.254773724,0.12,,0.253611291,0.12,,0.261173128,0.12,,0.2277611,0.12,,0.214400076,0.12,,0.27398736,0.12,,0.258113767,0.12,,0.228124304,0.12,,0.213090163,0.12,,0.238988821,0.12
0.236006787,0.14,,0.228730252,0.13,,0.209100084,0.13,,0.208046782,0.13,,0.221915157,0.13,,0.207591478,0.13,,0.270127769,0.13,,0.252031206,0.13,,0.223844347,0.13,,0.279650372,0.13,,0.234455904,0.13,,0.218419991,0.13,,0.216039829,0.13,,0.258001658,0.13,,0.266745593,0.13,,0.206341347,0.13,,0.212991578,0.13,,0.264756092,0.13,,0.206865296,0.13,,0.240961165,0.13,,0.21848335,0.13
0.247233697,0.15,,0.254891387,0.14,,0.276859735,0.14,,0.260213123,0.14,,0.215794803,0.14,,0.261910366,0.14,,0.218279098,0.14,,0.278447824,0.14,,0.203617859,0.14,,0.230991494,0.14,,0.206897127,0.14,,0.209566385,0.14,,0.261196228,0.14,,0.231083594,0.14,,0.213004407,0.14,,0.255133788,0.14,,0.254912602,0.14,,0.228773005,0.14,,0.223096713,0.14,,0.229706669,0.14,,0.205759533,0.14
0.237079274,0.16,,0.269243832,0.15,,0.275778331,0.15,,0.211082553,0.15,,0.253105299,0.15,,0.241887206,0.15,,0.230703325,0.15,,0.271942645,0.15,,0.235695869,0.15,,0.26235489,0.15,,0.262508397,0.15,,0.246280109,0.15,,0.237757457,0.15,,0.20370484,0.15,,0.25096836,0.15,,0.235336096,0.15,,0.253682434,0.15,,0.239244916,0.15,,0.279776125,0.15,,0.217017991,0.15,,0.266603258,0.15
0.242907351,0.17,,0.245187832,0.16,,0.228804016,0.16,,0.200745155,0.16,,0.285289389,0.16,,0.209729327,0.16,,0.212631648,0.16,,0.207170179,0.16,,0.248109481,0.16,,0.208468458,0.16,,0.239887906,0.16,,0.259369845,0.16,,0.209137105,0.16,,0.210701309,0.16,,0.222204159,0.16,,0.210284173,0.16,,0.266772756,0.16,,0.283996851,0.16,,0.235991038,0.16,,0.283804247,0.16,,0.273300598,0.16
0.23582543,0.18,,0.250824915,0.17,,0.19431808,0.17,,0.232706483,0.17,,0.284735265,0.17,,0.253648983,0.17,,0.220580311,0.17,,0.261423463,0.17,,0.273882716,0.17,,0.224868283,0.17,,0.270646759,0.17,,0.279539033,0.17,,0.23680804,0.17,,0.246557732,0.17,,0.271052967,0.17,,0.217434838,0.17,,0.250704008,0.17,,0.214883666,0.17,,0.245717123,0.17,,0.208289027,0.17,,0.219525318,0.17
0.229177566,0.19,,0.240227805,0.18,,0.214200442,0.18,,0.247301591,0.18,,0.283654239,0.18,,0.279127133,0.18,,0.229985867,0.18,,0.24143057,0.18,,0.25354747,0.18,,0.19734418,0.18,,0.198377668,0.18,,0.25644081,0.18,,0.208977411,0.18,,0.195473039,0.18,,0.231564468,0.18,,0.232660261,0.18,,0.275560604,0.18,,0.207446447,0.18,,0.267704998,0.18,,0.253603832,0.18,,0.201879772,0.18
0.22577778,0.2,,0.187127945,0.19,,0.241682425,0.19,,0.281310073,0.19,,0.230671456,0.19,,0.182957257,0.19,,0.216463746,0.19,,0.2508569,0.19,,0.230795282,0.19,,0.273931893,0.19,,0.231939935,0.19,,0.28250477,0.19,,0.185833662,0.19,,0.203799881,0.19,,0.222125252,0.19,,0.185631832,0.19,,0.249725307,0.19,,0.231825202,0.19,,0.18659431,0.19,,0.287857833,0.19,,0.219916366,0.19
0.232421115,0.21,,0.184783101,0.2,,0.186785096,0.2,,0.202409127,0.2,,0.289277751,0.2,,0.26062495,0.2,,0.250059713,0.2,,0.191404356,0.2,,0.202299387,0.2,,0.230945424,0.2,,0.226194153,0.2,,0.184395707,0.2,,0.181759431,0.2,,0.264334615,0.2,,0.194508543,0.2,,0.266497164,0.2,,0.257187278,0.2,,0.21905934,0.2,,0.255040838,0.2,,0.180747451,0.2,,0.287242181,0.2
0.223562252,0.22,,0.186507537,0.21,,0.275529218,0.21,,0.242445378,0.21,,0.240603083,0.21,,0.238287307,0.21,,0.217538453,0.21,,0.264633518,0.21,,0.24180542,0.21,,0.21852813,0.21,,0.262978998,0.21,,0.240608024,0.21,,0.21773536,0.21,,0.259508614,0.21,,0.206175204,0.21,,0.25886063,0.21,,0.266478169,0.21,,0.199859446,0.21,,0.191197529,0.21,,0.205365002,0.21,,0.213777277,0.21
0.225028369,0.23,,0.219494458,0.22,,0.256073481,0.22,,0.277194418,0.22,,0.224113013,0.22,,0.190022121,0.22,,0.171505841,0.22,,0.273172229,0.22,,0.251269004,0.22,,0.202988568,0.22,,0.17929317,0.22,,0.203337243,0.22,,0.192899089,0.22,,0.209497226,0.22,,0.225984076,0.22,,0.186589107,0.22,,0.252057289,0.22,,0.288139692,0.22,,0.211034383,0.22,,0.249143967,0.22,,0.207436671,0.22
0.226602389,0.24,,0.212937313,0.23,,0.261037124,0.23,,0.246712792,0.23,,0.167358419,0.23,,0.176779671,0.23,,0.269744635,0.23,,0.235847145,0.23,,0.170553981,0.23,,0.268017685,0.23,,0.197242543,0.23,,0.203580887,0.23,,0.284895731,0.23,,0.21230003,0.23,,0.230166376,0.23,,0.216446421,0.23,,0.283644709,0.23,,0.188504444,0.23,,0.271485343,0.23,,0.178971834,0.23,,0.224340299,0.23
0.214119901,0.25,,0.165297368,0.24,,0.283133597,0.24,,0.283932904,0.24,,0.261000244,0.24,,0.212120362,0.24,,0.234019861,0.24,,0.233539377,0.24,,0.242827004,0.24,,0.231468999,0.24,,0.26371803,0.24,,0.240379281,0.24,,0.173470689,0.24,,0.212056339,0.24,,0.181665236,0.24,,0.208723863,0.24,,0.248219289,0.24,,0.240338997,0.24,,0.209231964,0.24,,0.194413951,0.24,,0.21249042,0.24
0.221747458,0.26,,0.185689326,0.25,,0.177159269,0.25,,0.287986138,0.25,,0.170890148,0.25,,0.18465029,0.25,,0.252948178,0.25,,0.165959544,0.25,,0.228032652,0.25,,0.292393822,0.25,,0.177948146,0.25,,0.212917332,0.25,,0.238776398,0.25,,0.265521713,0.25,,0.16052863,0.25,,0.190203022,0.25,,0.232758009,0.25,,0.218131202,0.25,,0.185177937,0.25,,0.200045472,0.25,,0.254680802,0.25
0.232163286,0.27,,0.202051088,0.26,,0.190863724,0.26,,0.269975301,0.26,,0.20712034,0.26,,0.170440382,0.26,,0.247181234,0.26,,0.253404967,0.26,,0.220146833,0.26,,0.285543513,0.26,,0.207371522,0.26,,0.219195707,0.26,,0.236914019,0.26,,0.203050605,0.26,,0.158410895,0.26,,0.274104619,0.26,,0.214765181,0.26,,0.225212003,0.26,,0.250438501,0.26,,0.218723631,0.26,,0.180035097,0.26
0.194584518,0.28,,0.273337715,0.27,,0.178397239,0.27,,0.278783691,0.27,,0.275953642,0.27,,0.276006773,0.27,,0.290773175,0.27,,0.184273468,0.27,,0.218070993,0.27,,0.264223353,0.27,,0.168109352,0.27,,0.224185966,0.27,,0.214248529,0.27,,0.269891843,0.27,,0.175027628,0.27,,0.161211612,0.27,,0.26786507,0.27,,0.217502485,0.27,,0.288455858,0.27,,0.251206208,0.27,,0.165741119,0.27
0.209328526,0.29,,0.219883753,0.28,,0.191187242,0.28,,0.148450943,0.28,,0.194125273,0.28,,0.154944392,0.28,,0.194414273,0.28,,0.221419466,0.28,,0.205315476,0.28,,0.189215862,0.28,,0.151810566,0.28,,0.186965314,0.28,,0.229078906,0.28,,0.262301913,0.28,,0.178397911,0.28,,0.275743875,0.28,,0.175594246,0.28,,0.169229393,0.28,,0.170276689,0.28,,0.168211583,0.28,,0.205123283,0.28
0.221897746,0.3,,0.288376618,0.29,,0.175862394,0.29,,0.219069496,0.29,,0.160058574,0.29,,0.221274738,0.29,,0.206122038,0.29,,0.184635279,0.29,,0.232924436,0.29,,0.254974002,0.29,,0.190499001,0.29,,0.159555141,0.29,,0.146564294,0.29,,0.257473019,0.29,,0.146705446,0.29,,0.19803873,0.29,,0.143547818,0.29,,0.247974413,0.29,,0.191453273,0.29,,0.281931269,0.29,,0.279530532,0.29
0.212139353,0.31,,0.282110015,0.3,,0.259445997,0.3,,0.266317882,0.3,,0.266050432,0.3,,0.227304935,0.3,,0.258554668,0.3,,0.171765756,0.3,,0.231411827,0.3,,0.236137586,0.3,,0.201614323,0.3,,0.208507182,0.3,,0.284449917,0.3,,0.176576229,0.3,,0.214260953,0.3,,0.16119121,0.3,,0.177660435,0.3,,0.248114273,0.3,,0.179199772,0.3,,0.162428036,0.3,,0.224853499,0.3
0.204570844,0.32,,0.233868001,0.31,,0.257043326,0.31,,0.255655539,0.31,,0.192043838,0.31,,0.177395412,0.31,,0.24947526,0.31,,0.222089364,0.31,,0.192888509,0.31,,0.141212433,0.31,,0.262346159,0.31,,0.241357275,0.31,,0.23910046,0.31,,0.169148568,0.31,,0.249349854,0.31,,0.206475802,0.31,,0.177584684,0.31,,0.254297438,0.31,,0.222078426,0.31,,0.152885803,0.31,,0.146490899,0.31
0.202116184,0.33,,0.255380699,0.32,,0.194506182,0.32,,0.132712201,0.32,,0.160575231,0.32,,0.190130474,0.32,,0.208487029,0.32,,0.226621856,0.32,,0.185818695,0.32,,0.148343539,0.32,,0.275554481,0.32,,0.214323623,0.32,,0.158547078,0.32,,0.132639969,0.32,,0.254374904,0.32,,0.140252101,0.32,,0.278103206,0.32,,0.247577286,0.32,,0.208896319,0.32,,0.234325648,0.32,,0.244246367,0.32
0.187728667,0.34,,0.176023449,0.33,,0.129816364,0.33,,0.232152504,0.33,,0.231952889,0.33,,0.262825061,0.33,,0.289046458,0.33,,0.160319271,0.33,,0.206597421,0.33,,0.166720972,0.33,,0.155145233,0.33,,0.129731915,0.33,,0.188488144,0.33,,0.212292688,0.33,,0.17654552,0.33,,0.136601617,0.33,,0.250603288,0.33,,0.275448569,0.33,,0.255688813,0.33,,0.201010154,0.33,,0.205313342,0.33
0.198254707,0.35,,0.124999246,0.34,,0.125646626,0.34,,0.170572182,0.34,,0.215385531,0.34,,0.268007145,0.34,,0.192202676,0.34,,0.16778178,0.34,,0.206438543,0.34,,0.279914077,0.34,,0.132503573,0.34,,0.158643735,0.34,,0.177250375,0.34,,0.199615631,0.34,,0.168065605,0.34,,0.157694789,0.34,,0.156101585,0.34,,0.206028014,0.34,,0.25670876,0.34,,0.261363789,0.34,,0.129649677,0.34
0.206758821,0.36,,0.245400538,0.35,,0.122723885,0.35,,0.155151991,0.35,,0.156860067,0.35,,0.205431389,0.35,,0.225039981,0.35,,0.161598834,0.35,,0.238295112,0.35,,0.1773618,0.35,,0.241748883,0.35,,0.138624275,0.35,,0.279588832,0.35,,0.283158018,0.35,,0.1354397,0.35,,0.240230661,0.35,,0.171926642,0.35,,0.162936879,0.35,,0.260087915,0.35,,0.21850831,0.35,,0.144980431,0.35
0.201296852,0.37,,0.196995439,0.36,,0.250868073,0.36,,0.23425189,0.36,,0.258484568,0.36,,0.251846392,0.36,,0.210295732,0.36,,0.13783769,0.36,,0.214869838,0.36,,0.18310043,0.36,,0.122940823,0.36,,0.198482597,0.36,,0.267361376,0.36,,0.263678314,0.36,,0.138310872,0.36,,0.153822727,0.36,,0.177786565,0.36,,0.120035458,0.36,,0.191877443,0.36,,0.27779573,0.36,,0.284534455,0.36
0.193202695,0.38,,0.26409639,0.37,,0.140212425,0.37,,0.274256301,0.37,,0.270793858,0.37,,0.130312963,0.37,,0.220001853,0.37,,0.280818542,0.37,,0.165122683,0.37,,0.176451845,0.37,,0.163287815,0.37,,0.218119474,0.37,,0.140752471,0.37,,0.143226849,0.37,,0.169234127,0.37,,0.246341011,0.37,,0.162604914,0.37,,0.134720088,0.37,,0.266487239,0.37,,0.265578547,0.37,,0.193517638,0.37
0.191988858,0.39,,0.16370703,0.38,,0.282400268,0.38,,0.197396105,0.38,,0.206960006,0.38,,0.193936416,0.38,,0.233848202,0.38,,0.180500883,0.38,,0.131965181,0.38,,0.268624222,0.38,,0.12029957,0.38,,0.283817204,0.38,,0.159715131,0.38,,0.282298117,0.38,,0.122961133,0.38,,0.186367318,0.38,,0.141548461,0.38,,0.160579845,0.38,,0.177406933,0.38,,0.247152446,0.38,,0.122569424,0.38
0.179859776,0.4,,0.169938457,0.39,,0.195144723,0.39,,0.166581549,0.39,,0.127234147,0.39,,0.242643735,0.39,,0.151946968,0.39,,0.283736283,0.39,,0.134570141,0.39,,0.12397828,0.39,,0.276239032,0.39,,0.175863912,0.39,,0.191505989,0.39,,0.272437319,0.39,,0.123177715,0.39,,0.198829405,0.39,,0.140237395,0.39,,0.228116938,0.39,,0.148043542,0.39,,0.276308633,0.39,,0.213242997,0.39
0.177538988,0.41,,0.247513077,0.4,,0.109069771,0.4,,0.145315461,0.4,,0.109715323,0.4,,0.278792325,0.4,,0.210610278,0.4,,0.2719946,0.4,,0.142617997,0.4,,0.181501863,0.4,,0.193206942,0.4,,0.112952202,0.4,,0.14018092,0.4,,0.273355172,0.4,,0.178777535,0.4,,0.128021559,0.4,,0.226923153,0.4,,0.116968276,0.4,,0.116763089,0.4,,0.131202442,0.4,,0.281713534,0.4
0.191662705,0.42,,0.115245596,0.41,,0.217462728,0.41,,0.241038148,0.41,,0.191626264,0.41,,0.145545923,0.41,,0.159521962,0.41,,0.16101202,0.41,,0.193813202,0.41,,0.242398123,0.41,,0.235017644,0.41,,0.103562493,0.41,,0.103731027,0.41,,0.212374507,0.41,,0.249795454,0.41,,0.182442219,0.41,,0.100596375,0.41,,0.16372306,0.41,,0.243975309,0.41,,0.172788024,0.41,,0.11510968,0.41
0.20157196,0.43,,0.236837583,0.42,,0.205789444,0.42,,0.27643617,0.42,,0.117673687,0.42,,0.139699766,0.42,,0.115336142,0.42,,0.169967013,0.42,,0.183162501,0.42,,0.152703546,0.42,,0.189825315,0.42,,0.251508167,0.42,,0.175237401,0.42,,0.183915224,0.42,,0.119802324,0.42,,0.224127465,0.42,,0.221611473,0.42,,0.19545071,0.42,,0.277441842,0.42,,0.139732778,0.42,,0.256995546,0.42
0.171773489,0.44,,0.21467465,0.43,,0.239664605,0.43,,0.199710525,0.43,,0.231920829,0.43,,0.242573005,0.43,,0.243669013,0.43,,0.261191011,0.43,,0.154618778,0.43,,0.139381797,0.43,,0.252249054,0.43,,0.151880761,0.43,,0.229653649,0.43,,0.097132634,0.43,,0.150807502,0.43,,0.224122036,0.43,,0.217409539,0.43,,0.156749841,0.43,,0.229276045,0.43,,0.181649067,0.43,,0.213104851,0.43
0.169369807,0.45,,0.217510848,0.44,,0.221655169,0.44,,0.217208732,0.44,,0.165924616,0.44,,0.265919874,0.44,,0.261171533,0.44,,0.145160243,0.44,,0.182758872,0.44,,0.10653806,0.44,,0.164365266,0.44,,0.131002023,0.44,,0.167314769,0.44,,0.220541077,0.44,,0.101498953,0.44,,0.120268229,0.44,,0.185996053,0.44,,0.186793274,0.44,,0.182840456,0.44,,0.092584983,0.44,,0.09841675,0.44
0.188125351,0.46,,0.239273297,0.45,,0.15966709,0.45,,0.093137894,0.45,,0.151138138,0.45,,0.145944488,0.45,,0.1598198,0.45,,0.232024977,0.45,,0.235293709,0.45,,0.15553931,0.45,,0.210555956,0.45,,0.210672807,0.45,,0.133380702,0.45,,0.112924864,0.45,,0.245582868,0.45,,0.133837133,0.45,,0.222819923,0.45,,0.18773533,0.45,,0.101219286,0.45,,0.103362311,0.45,,0.153466251,0.45
0.189822886,0.47,,0.153613207,0.46,,0.202822087,0.46,,0.187963881,0.46,,0.1520489,0.46,,0.130281095,0.46,,0.220396505,0.46,,0.24654778,0.46,,0.236073084,0.46,,0.245094319,0.46,,0.24698141,0.46,,0.179069897,0.46,,0.140996272,0.46,,0.093220495,0.46,,0.151051879,0.46,,0.116756949,0.46,,0.19355081,0.46,,0.138542037,0.46,,0.254108525,0.46,,0.238490133,0.46,,0.234897752,0.46
0.167880399,0.48,,0.193871658,0.47,,0.172070944,0.47,,0.096150482,0.47,,0.271034315,0.47,,0.260717011,0.47,,0.140009746,0.47,,0.157043366,0.47,,0.128101809,0.47,,0.252301046,0.47,,0.228828989,0.47,,0.263161376,0.47,,0.206700539,0.47,,0.253967825,0.47,,0.112962006,0.47,,0.113135591,0.47,,0.180221753,0.47,,0.235897685,0.47,,0.09787399,0.47,,0.16373294,0.47,,0.268674651,0.47
0.172818805,0.49,,0.263924747,0.48,,0.180416238,0.48,,0.202175911,0.48,,0.10512703,0.48,,0.120550686,0.48,,0.186170899,0.48,,0.245064684,0.48,,0.239332148,0.48,,0.183438991,0.48,,0.191066338,0.48,,0.116027704,0.48,,0.119376137,0.48,,0.169163315,0.48,,0.222643013,0.48,,0.090983915,0.48,,0.167888219,0.48,,0.216142289,0.48,,0.094295912,0.48,,0.141274743,0.48,,0.102545052,0.48
0.156954559,0.5,,0.221808268,0.49,,0.088949031,0.49,,0.106099962,0.49,,0.237456486,0.49,,0.208035906,0.49,,0.205472016,0.49,,0.176571678,0.49,,0.176868733,0.49,,0.083872151,0.49,,0.266045577,0.49,,0.251608117,0.49,,0.085183256,0.49,,0.173882101,0.49,,0.255682264,0.49,,0.123950091,0.49,,0.216911096,0.49,,0.163161881,0.49,,0.223220075,0.49,,0.089020459,0.49,,0.102576961,0.49
0.153902997,0.51,,0.204368253,0.5,,0.186473055,0.5,,0.079742701,0.5,,0.075407388,0.5,,0.155558971,0.5,,0.194425886,0.5,,0.212380869,0.5,,0.127805423,0.5,,0.166702789,0.5,,0.134061009,0.5,,0.170502634,0.5,,0.257935168,0.5,,0.184482202,0.5,,0.096445095,0.5,,0.113736128,0.5,,0.127285458,0.5,,0.138414191,0.5,,0.261346544,0.5,,0.095100585,0.5,,0.156916833,0.5
0.162126653,0.52,,0.19344997,0.51,,0.184403085,0.51,,0.155703271,0.51,,0.084903783,0.51,,0.162674961,0.51,,0.174143404,0.51,,0.15455348,0.51,,0.167544344,0.51,,0.157721738,0.51,,0.079644876,0.51,,0.136664082,0.51,,0.183850915,0.51,,0.120271892,0.51,,0.124124947,0.51,,0.208985967,0.51,,0.08689075,0.51,,0.071847025,0.51,,0.202983143,0.51,,0.247907349,0.51,,0.179790955,0.51
0.148886428,0.53,,0.096589604,0.52,,0.22470901,0.52,,0.075593389,0.52,,0.201168532,0.52,,0.185057858,0.52,,0.082603111,0.52,,0.197919713,0.52,,0.20158988,0.52,,0.167157465,0.52,,0.076942395,0.52,,0.089165363,0.52,,0.137191576,0.52,,0.252978329,0.52,,0.143599479,0.52,,0.189244369,0.52,,0.178236114,0.52,,0.236218783,0.52,,0.190661395,0.52,,0.243037606,0.52,,0.072869091,0.52
0.148425839,0.54,,0.190417442,0.53,,0.06697846,0.53,,0.120011806,0.53,,0.171356081,0.53,,0.068251723,0.53,,0.06859181,0.53,,0.247129142,0.53,,0.179155364,0.53,,0.094129371,0.53,,0.247442056,0.53,,0.108197047,0.53,,0.081999668,0.53,,0.071394393,0.53,,0.21211712,0.53,,0.144888216,0.53,,0.156579487,0.53,,0.186105572,0.53,,0.192983855,0.53,,0.113929029,0.53,,0.25607092,0.53
0.167400677,0.55,,0.11723536,0.54,,0.067972944,0.54,,0.145704983,0.54,,0.097035992,0.54,,0.221047609,0.54,,0.106084953,0.54,,0.074268575,0.54,,0.14499507,0.54,,0.245393664,0.54,,0.094614081,0.54,,0.230537933,0.54,,0.144128965,0.54,,0.095839702,0.54,,0.139790502,0.54,,0.152451134,0.54,,0.211122429,0.54,,0.248321325,0.54,,0.179903477,0.54,,0.091112962,0.54,,0.160955129,0.54
0.137610663,0.56,,0.184758909,0.55,,0.205940359,0.55,,0.119757761,0.55,,0.190952235,0.55,,0.138701042,0.55,,0.240391667,0.55,,0.087936213,0.55,,0.249851098,0.55,,0.100663805,0.55,,0.136354713,0.55,,0.063289869,0.55,,0.192032238,0.55,,0.238843682,0.55,,0.236990499,0.55,,0.117143665,0.55,,0.235526148,0.55,,0.180553871,0.55,,0.165187338,0.55,,0.083819295,0.55,,0.179319143,0.55
0.135519515,0.57,,0.218408834,0.56,,0.243169007,0.56,,0.228489021,0.56,,0.136450086,0.56,,0.133305112,0.56,,0.081095503,0.56,,0.170241011,0.56,,0.189796406,0.56,,0.090579448,0.56,,0.124182887,0.56,,0.148810633,0.56,,0.113802654,0.56,,0.086215777,0.56,,0.128017692,0.56,,0.165732143,0.56,,0.103834298,0.56,,0.065303506,0.56,,0.065216706,0.56,,0.176697381,0.56,,0.082865157,0.56
0.138550226,0.58,,0.085959856,0.57,,0.193021813,0.57,,0.064684705,0.57,,0.217162795,0.57,,0.07751246,0.57,,0.094501649,0.57,,0.102337138,0.57,,0.085193394,0.57,,0.065258001,0.57,,0.235407772,0.57,,0.226902289,0.57,,0.212861299,0.57,,0.203070861,0.57,,0.086581237,0.57,,0.1346428,0.57,,0.174467075,0.57,,0.149785786,0.57,,0.100462107,0.57,,0.123282938,0.57,,0.07729432,0.57
0.152879438,0.59,,0.097982826,0.58,,0.123016368,0.58,,0.087755251,0.58,,0.117557957,0.58,,0.152890168,0.58,,0.124102433,0.58,,0.103486237,0.58,,0.232004797,0.58,,0.1942814,0.58,,0.161739943,0.58,,0.135335194,0.58,,0.057480665,0.58,,0.081373827,0.58,,0.149030588,0.58,,0.198470661,0.58,,0.221977809,0.58,,0.111292286,0.58,,0.098184383,0.58,,0.081979363,0.58,,0.241062362,0.58
0.137580263,0.6,,0.198988601,0.59,,0.200992174,0.59,,0.173048603,0.59,,0.190431601,0.59,,0.216012276,0.59,,0.190849002,0.59,,0.109281936,0.59,,0.140491146,0.59,,0.089261689,0.59,,0.054311512,0.59,,0.054394633,0.59,,0.09117324,0.59,,0.120032027,0.59,,0.218870318,0.59,,0.246854767,0.59,,0.124865378,0.59,,0.070780957,0.59,,0.101632415,0.59,,0.231929046,0.59,,0.233387444,0.59
0.134764883,0.61,,0.174817861,0.6,,0.162414913,0.6,,0.16524971,0.6,,0.069508025,0.6,,0.237113631,0.6,,0.05773738,0.6,,0.203690286,0.6,,0.086683592,0.6,,0.157822674,0.6,,0.056104091,0.6,,0.053835945,0.6,,0.221771615,0.6,,0.193878831,0.6,,0.151181691,0.6,,0.124997474,0.6,,0.052004884,0.6,,0.108613472,0.6,,0.118308639,0.6,,0.14797737,0.6,,0.207893167,0.6
0.146437268,0.62,,0.237255697,0.61,,0.130681321,0.61,,0.196591365,0.61,,0.053154753,0.61,,0.092076426,0.61,,0.177969279,0.61,,0.107236908,0.61,,0.190039889,0.61,,0.170695314,0.61,,0.204546775,0.61,,0.147222889,0.61,,0.121317612,0.61,,0.107576293,0.61,,0.102779244,0.61,,0.08469432,0.61,,0.21454101,0.61,,0.070286434,0.61,,0.081333553,0.61,,0.141198716,0.61,,0.064099853,0.61
0.092204048,0.63,,0.200154927,0.62,,0.156470798,0.62,,0.048101854,0.62,,0.069044079,0.62,,0.094886573,0.62,,0.130736783,0.62,,0.164663139,0.62,,0.232204211,0.62,,0.092598593,0.62,,0.217955635,0.62,,0.083405485,0.62,,0.198770953,0.62,,0.168026164,0.62,,0.225688131,0.62,,0.145382134,0.62,,0.206783305,0.62,,0.084763424,0.62,,0.193565266,0.62,,0.101369158,0.62,,0.114174752,0.62
0.139517875,0.64,,0.082476035,0.63,,0.125560017,0.63,,0.056330082,0.63,,0.074371194,0.63,,0.085714898,0.63,,0.088799336,0.63,,0.119340054,0.63,,0.060641913,0.63,,0.048019637,0.63,,0.13946029,0.63,,0.087071105,0.63,,0.06606911,0.63,,0.07464138,0.63,,0.049738989,0.63,,0.071997916,0.63,,0.212491143,0.63,,0.078743131,0.63,,0.136058962,0.63,,0.061748395,0.63,,0.124807377,0.63
0.131017754,0.65,,0.208298042,0.64,,0.17768631,0.64,,0.173313211,0.64,,0.10808351,0.64,,0.047193721,0.64,,0.067603961,0.64,,0.048607212,0.64,,0.148643379,0.64,,0.107633019,0.64,,0.144588202,0.64,,0.227640386,0.64,,0.120051341,0.64,,0.221211437,0.64,,0.049869094,0.64,,0.203920686,0.64,,0.178148413,0.64,,0.182356058,0.64,,0.186796278,0.64,,0.05032556,0.64,,0.138387688,0.64
0.118212854,0.66,,0.107100118,0.65,,0.136622284,0.65,,0.060486987,0.65,,0.131962964,0.65,,0.220433645,0.65,,0.170955526,0.65,,0.20120838,0.65,,0.072851139,0.65,,0.052284116,0.65,,0.081890247,0.65,,0.19782715,0.65,,0.106748392,0.65,,0.145292451,0.65,,0.075832117,0.65,,0.053541147,0.65,,0.109826681,0.65,,0.116844909,0.65,,0.16424961,0.65,,0.190124172,0.65,,0.224273044,0.65
0.131581063,0.67,,0.062041177,0.66,,0.181781275,0.66,,0.070307195,0.66,,0.129714782,0.66,,0.18775621,0.66,,0.050433055,0.66,,0.130654469,0.66,,0.086280088,0.66,,0.08326821,0.66,,0.122126624,0.66,,0.043881451,0.66,,0.049997892,0.66,,0.106311557,0.66,,0.217872787,0.66,,0.063498234,0.66,,0.179056116,0.66,,0.192834373,0.66,,0.053882069,0.66,,0.121847954,0.66,,0.230711558,0.66
0.12077754,0.68,,0.081488264,0.67,,0.13074284,0.67,,0.111485039,0.67,,0.137953339,0.67,,0.105697566,0.67,,0.115081243,0.67,,0.044262901,0.67,,0.17175506,0.67,,0.092916031,0.67,,0.220111829,0.67,,0.118358982,0.67,,0.112706512,0.67,,0.123210178,0.67,,0.189064392,0.67,,0.084039131,0.67,,0.113383345,0.67,,0.096672321,0.67,,0.165172999,0.67,,0.229264188,0.67,,0.188255106,0.67
0.124294377,0.69,,0.041248815,0.68,,0.116550847,0.68,,0.228347684,0.68,,0.057237262,0.68,,0.206726277,0.68,,0.076957116,0.68,,0.194457887,0.68,,0.103834181,0.68,,0.070428041,0.68,,0.163560826,0.68,,0.092782135,0.68,,0.16281102,0.68,,0.059071843,0.68,,0.075957453,0.68,,0.042120578,0.68,,0.15474143,0.68,,0.066590939,0.68,,0.128342329,0.68,,0.182073788,0.68,,0.191710351,0.68
0.099983942,0.7,,0.201248677,0.69,,0.092334769,0.69,,0.042125998,0.69,,0.192696475,0.69,,0.212437531,0.69,,0.057974747,0.69,,0.047550925,0.69,,0.037399326,0.69,,0.071947481,0.69,,0.120169901,0.69,,0.206751403,0.69,,0.073058008,0.69,,0.0546088,0.69,,0.193912282,0.69,,0.096524055,0.69,,0.20763266,0.69,,0.197506133,0.69,,0.049201139,0.69,,0.185366278,0.69,,0.145440945,0.69
0.142362722,0.71,,0.1543965,0.7,,0.123420151,0.7,,0.093738058,0.7,,0.099461695,0.7,,0.059060562,0.7,,0.052889893,0.7,,0.165936784,0.7,,0.124910193,0.7,,0.041111042,0.7,,0.048502716,0.7,,0.108082271,0.7,,0.055077635,0.7,,0.071285578,0.7,,0.041922403,0.7,,0.05826376,0.7,,0.157975515,0.7,,0.160218874,0.7,,0.062587779,0.7,,0.132311101,0.7,,0.188526339,0.7
0.101463627,0.72,,0.221322237,0.71,,0.200588867,0.71,,0.194027469,0.71,,0.203124793,0.71,,0.070577503,0.71,,0.104746874,0.71,,0.052940194,0.71,,0.150669936,0.71,,0.187604653,0.71,,0.211219419,0.71,,0.066676986,0.71,,0.191012344,0.71,,0.223111711,0.71,,0.172304821,0.71,,0.131081703,0.71,,0.0499849,0.71,,0.094887485,0.71,,0.083688008,0.71,,0.115682687,0.71,,0.122001853,0.71
0.115853067,0.73,,0.165798315,0.72,,0.095825733,0.72,,0.092759146,0.72,,0.140035307,0.72,,0.036149736,0.72,,0.168367436,0.72,,0.062811655,0.72,,0.04813404,0.72,,0.044852815,0.72,,0.04581998,0.72,,0.166205734,0.72,,0.04681992,0.72,,0.127464941,0.72,,0.152735989,0.72,,0.052944061,0.72,,0.045881662,0.72,,0.11926435,0.72,,0.156579336,0.72,,0.21272449,0.72,,0.048097903,0.72
0.100964002,0.74,,0.150255444,0.73,,0.163696534,0.73,,0.115463568,0.73,,0.08113235,0.73,,0.126769978,0.73,,0.121020127,0.73,,0.034992208,0.73,,0.196854608,0.73,,0.160365629,0.73,,0.20335052,0.73,,0.193550487,0.73,,0.07813156,0.73,,0.032316544,0.73,,0.05988705,0.73,,0.082235503,0.73,,0.07453171,0.73,,0.125539503,0.73,,0.033326926,0.73,,0.07081937,0.73,,0.212821718,0.73
0.100813803,0.75,,0.037111041,0.74,,0.096127986,0.74,,0.061991286,0.74,,0.177603376,0.74,,0.189450321,0.74,,0.061594687,0.74,,0.106275703,0.74,,0.217105921,0.74,,0.128737149,0.74,,0.09350314,0.74,,0.049395463,0.74,,0.190773177,0.74,,0.072073342,0.74,,0.059085715,0.74,,0.103651155,0.74,,0.082728861,0.74,,0.066298726,0.74,,0.097369554,0.74,,0.038767707,0.74,,0.089635737,0.74
0.092180383,0.76,,0.068646356,0.75,,0.071395463,0.75,,0.088207214,0.75,,0.053739043,0.75,,0.06043904,0.75,,0.081945914,0.75,,0.04068435,0.75,,0.070591134,0.75,,0.155360633,0.75,,0.119862753,0.75,,0.034657233,0.75,,0.111974883,0.75,,0.152083294,0.75,,0.097289512,0.75,,0.132483253,0.75,,0.148294165,0.75,,0.135870986,0.75,,0.197619573,0.75,,0.163894228,0.75,,0.031237034,0.75
0.113444072,0.77,,0.038815399,0.76,,0.078381089,0.76,,0.073872966,0.76,,0.049355458,0.76,,0.038445085,0.76,,0.117933,0.76,,0.099438204,0.76,,0.141761505,0.76,,0.147066194,0.76,,0.106445307,0.76,,0.129813439,0.76,,0.06354388,0.76,,0.139974316,0.76,,0.035730571,0.76,,0.037049933,0.76,,0.179626416,0.76,,0.083448185,0.76,,0.106022218,0.76,,0.031488365,0.76,,0.145396135,0.76
0.100704337,0.78,,0.093720403,0.77,,0.174688764,0.77,,0.115346018,0.77,,0.064723417,0.77,,0.072504527,0.77,,0.038295362,0.77,,0.046318939,0.77,,0.080143637,0.77,,0.033104851,0.77,,0.109460848,0.77,,0.164165242,0.77,,0.039007252,0.77,,0.174807516,0.77,,0.164659559,0.77,,0.071915857,0.77,,0.116160308,0.77,,0.211741858,0.77,,0.169042634,0.77,,0.15722167,0.77,,0.171852768,0.77
0.097667126,0.79,,0.073031688,0.78,,0.050464758,0.78,,0.168005277,0.78,,0.045401776,0.78,,0.186886509,0.78,,0.194328017,0.78,,0.14755934,0.78,,0.170709201,0.78,,0.140083471,0.78,,0.051004494,0.78,,0.044036236,0.78,,0.038177326,0.78,,0.042731976,0.78,,0.069929275,0.78,,0.118557324,0.78,,0.111254469,0.78,,0.068302786,0.78,,0.07723948,0.78,,0.151834019,0.78,,0.064549308,0.78
0.115010209,0.8,,0.031602005,0.79,,0.066495824,0.79,,0.071323071,0.79,,0.062513238,0.79,,0.150286903,0.79,,0.052109715,0.79,,0.167494043,0.79,,0.124270904,0.79,,0.038991602,0.79,,0.093873918,0.79,,0.033142609,0.79,,0.183328528,0.79,,0.075254316,0.79,,0.181066604,0.79,,0.148181147,0.79,,0.100909591,0.79,,0.166919099,0.79,,0.087261109,0.79,,0.064930283,0.79,,0.053388008,0.79
0.108235895,0.81,,0.0405386,0.8,,0.061550889,0.8,,0.12223581,0.8,,0.088113502,0.8,,0.097557769,0.8,,0.09220515,0.8,,0.129182415,0.8,,0.118357653,0.8,,0.198997464,0.8,,0.12120851,0.8,,0.04088477,0.8,,0.057732893,0.8,,0.126870555,0.8,,0.205742244,0.8,,0.198410296,0.8,,0.099235463,0.8,,0.024544119,0.8,,0.143588787,0.8,,0.142284017,0.8,,0.190963265,0.8
0.099059505,0.82,,0.098018892,0.81,,0.111595644,0.81,,0.100976307,0.81,,0.150127428,0.81,,0.030579102,0.81,,0.200725785,0.81,,0.107098069,0.81,,0.143586042,0.81,,0.02862659,0.81,,0.06339161,0.81,,0.071318883,0.81,,0.035081419,0.81,,0.106122941,0.81,,0.079338464,0.81,,0.033838326,0.81,,0.128402385,0.81,,0.164634069,0.81,,0.17803145,0.81,,0.131781411,0.81,,0.201443083,0.81
0.094334103,0.83,,0.044236976,0.82,,0.123278332,0.82,,0.146227093,0.82,,0.184165834,0.82,,0.11342874,0.82,,0.183801852,0.82,,0.074492043,0.82,,0.088593487,0.82,,0.131838725,0.82,,0.120156019,0.82,,0.035385964,0.82,,0.030146373,0.82,,0.078934311,0.82,,0.196888641,0.82,,0.054176813,0.82,,0.052938603,0.82,,0.06672722,0.82,,0.079748665,0.82,,0.111497592,0.82,,0.064526823,0.82
0.091056037,0.84,,0.122231833,0.83,,0.066323462,0.83,,0.114781951,0.83,,0.057325322,0.83,,0.02825577,0.83,,0.177471746,0.83,,0.109584899,0.83,,0.026602972,0.83,,0.024185283,0.83,,0.069150195,0.83,,0.153530176,0.83,,0.150917455,0.83,,0.055769314,0.83,,0.129212079,0.83,,0.123949059,0.83,,0.079606139,0.83,,0.069072235,0.83,,0.161061926,0.83,,0.097834195,0.83,,0.069816057,0.83
0.083678857,0.85,,0.079386453,0.84,,0.106432767,0.84,,0.0274367,0.84,,0.028343785,0.84,,0.061163693,0.84,,0.078981865,0.84,,0.083503749,0.84,,0.064298474,0.84,,0.161599423,0.84,,0.176936849,0.84,,0.025181251,0.84,,0.06272743,0.84,,0.116193091,0.84,,0.1541275,0.84,,0.043156636,0.84,,0.091349023,0.84,,0.0230817,0.84,,0.128639339,0.84,,0.150644359,0.84,,0.157936647,0.84
0.085964168,0.86,,0.042672339,0.85,,0.133262983,0.85,,0.185167657,0.85,,0.021372261,0.85,,0.032062371,0.85,,0.024359657,0.85,,0.075721473,0.85,,0.076031003,0.85,,0.051432597,0.85,,0.124210402,0.85,,0.138585375,0.85,,0.030900026,0.85,,0.173871713,0.85,,0.140524803,0.85,,0.158588053,0.85,,0.023228281,0.85,,0.04889821,0.85,,0.112502936,0.85,,0.03685788,0.85,,0.043327114,0.85
0.078931631,0.87,,0.025889947,0.86,,0.043035176,0.86,,0.089893227,0.86,,0.082109612,0.86,,0.1380625,0.86,,0.095230215,0.86,,0.031404656,0.86,,0.031007152,0.86,,0.143030433,0.86,,0.068826287,0.86,,0.019974586,0.86,,0.057832594,0.86,,0.062369269,0.86,,0.152709221,0.86,,0.157541195,0.86,,0.180267948,0.86,,0.093527285,0.86,,0.09451653,0.86,,0.096849362,0.86,,0.055206171,0.86
0.070795308,0.88,,0.154800539,0.87,,0.064645836,0.87,,0.029758477,0.87,,0.115157836,0.87,,0.027779237,0.87,,0.036355235,0.87,,0.03607228,0.87,,0.022402824,0.87,,0.129178057,0.87,,0.020248525,0.87,,0.057455562,0.87,,0.131872787,0.87,,0.145091605,0.87,,0.176985238,0.87,,0.02685688,0.87,,0.022563916,0.87,,0.067459225,0.87,,0.081660413,0.87,,0.148245708,0.87,,0.084042447,0.87
0.08014635,0.89,,0.087815385,0.88,,0.072647748,0.88,,0.02543525,0.88,,0.150741521,0.88,,0.104005166,0.88,,0.075928592,0.88,,0.094714098,0.88,,0.034519334,0.88,,0.057058214,0.88,,0.111897203,0.88,,0.030501719,0.88,,0.135877423,0.88,,0.02028234,0.88,,0.047698815,0.88,,0.02983761,0.88,,0.083618977,0.88,,0.02845677,0.88,,0.163214123,0.88,,0.02189856,0.88,,0.039757306,0.88
0.089594147,0.9,,0.05454643,0.89,,0.033672629,0.89,,0.050868878,0.89,,0.082801185,0.89,,0.120819938,0.89,,0.071625283,0.89,,0.125827491,0.89,,0.083333849,0.89,,0.162345835,0.89,,0.110770151,0.89,,0.05083238,0.89,,0.111963766,0.89,,0.045253044,0.89,,0.061270353,0.89,,0.137084994,0.89,,0.029307124,0.89,,0.025261244,0.89,,0.056687621,0.89,,0.137579826,0.89,,0.051074986,0.89
0.105286414,0.91,,0.046851132,0.9,,0.046375112,0.9,,0.15177264,0.9,,0.07572476,0.9,,0.070670478,0.9,,0.155045708,0.9,,0.120794615,0.9,,0.055466684,0.9,,0.115691201,0.9,,0.148905172,0.9,,0.098349847,0.9,,0.065899244,0.9,,0.126911778,0.9,,0.135123651,0.9,,0.101625314,0.9,,0.122944529,0.9,,0.039176919,0.9,,0.052012292,0.9,,0.036774273,0.9,,0.025767587,0.9
0.089757243,0.92,,0.061025381,0.91,,0.056203891,0.91,,0.096065904,0.91,,0.179312974,0.91,,0.078861134,0.91,,0.066062918,0.91,,0.13732939,0.91,,0.118479943,0.91,,0.158571487,0.91,,0.037873651,0.91,,0.165434594,0.91,,0.099428944,0.91,,0.094521272,0.91,,0.145079235,0.91,,0.016466553,0.91,,0.033952364,0.91,,0.187235112,0.91,,0.179723272,0.91,,0.061925616,0.91,,0.132174651,0.91
0.090678907,0.93,,0.179811776,0.92,,0.026654903,0.92,,0.046270894,0.92,,0.133257129,0.92,,0.082205546,0.92,,0.038460695,0.92,,0.168202632,0.92,,0.070255944,0.92,,0.147362728,0.92,,0.046402621,0.92,,0.134501493,0.92,,0.028670679,0.92,,0.079312838,0.92,,0.148579129,0.92,,0.050590284,0.92,,0.05010409,0.92,,0.040493277,0.92,,0.154471886,0.92,,0.101299296,0.92,,0.068237023,0.92
0.06101082,0.94,,0.070919177,0.93,,0.046581557,0.93,,0.135278292,0.93,,0.102960766,0.93,,0.042434322,0.93,,0.094145562,0.93,,0.164776765,0.93,,0.079458645,0.93,,0.169010186,0.93,,0.137904008,0.93,,0.132853872,0.93,,0.053658779,0.93,,0.067124777,0.93,,0.019586338,0.93,,0.183539066,0.93,,0.123506854,0.93,,0.023222733,0.93,,0.058237653,0.93,,0.076494108,0.93,,0.03188467,0.93
0.08533184,0.95,,0.09567787,0.94,,0.024988196,0.94,,0.018995561,0.94,,0.133147981,0.94,,0.048773792,0.94,,0.083244771,0.94,,0.02829958,0.94,,0.018836616,0.94,,0.023705684,0.94,,0.030284087,0.94,,0.053176856,0.94,,0.071683961,0.94,,0.016959503,0.94,,0.030044986,0.94,,0.077837541,0.94,,0.087763619,0.94,,0.116022968,0.94,,0.113682208,0.94,,0.01496346,0.94,,0.132127154,0.94
0.098746359,0.96,,0.062185769,0.95,,0.114318758,0.95,,0.052865123,0.95,,0.094739328,0.95,,0.0334336,0.95,,0.147957279,0.95,,0.019403202,0.95,,0.125737257,0.95,,0.174391368,0.95,,0.067706858,0.95,,0.182627138,0.95,,0.038954632,0.95,,0.115660104,0.95,,0.01988133,0.95,,0.174618828,0.95,,0.029712696,0.95,,0.089663968,0.95,,0.075969222,0.95,,0.064418274,0.95,,0.022392076,0.95
0.072557869,0.97,,0.115574558,0.96,,0.117375832,0.96,,0.075768586,0.96,,0.122772782,0.96,,0.023605439,0.96,,0.099071699,0.96,,0.048339156,0.96,,0.030491687,0.96,,0.042970965,0.96,,0.044019265,0.96,,0.175609221,0.96,,0.069123897,0.96,,0.100623002,0.96,,0.05277614,0.96,,0.17316623,0.96,,0.126772539,0.96,,0.164195537,0.96,,0.173586035,0.96,,0.151768725,0.96,,0.067315882,0.96
0.096072279,0.98,,0.065103406,0.97,,0.05801436,0.97,,0.03235418,0.97,,0.134769617,0.97,,0.066488824,0.97,,0.083579908,0.97,,0.051789597,0.97,,0.048757524,0.97,,0.13688489,0.97,,0.057481399,0.97,,0.152818161,0.97,,0.013766198,0.97,,0.029305797,0.97,,0.02875026,0.97,,0.085772593,0.97,,0.170121207,0.97,,0.117532798,0.97,,0.036237705,0.97,,0.044868233,0.97,,0.036760722,0.97
0.085107446,0.99,,0.061704257,0.98,,0.013591003,0.98,,0.125348275,0.98,,0.112079923,0.98,,0.154521691,0.98,,0.023266416,0.98,,0.051323308,0.98,,0.130927835,0.98,,0.113924357,0.98,,0.088962087,0.98,,0.101463981,0.98,,0.01620652,0.98,,0.020564112,0.98,,0.161096625,0.98,,0.169675472,0.98,,0.064732151,0.98,,0.180768896,0.98,,0.155005244,0.98,,0.021444757,0.98,,0.154838664,0.98
0.070887591,1,,0.117204501,0.99,,0.059125382,0.99,,0.044761276,0.99,,0.049313814,0.99,,0.166093947,0.99,,0.04183075,0.99,,0.164137944,0.99,,0.127485324,0.99,,0.097371385,0.99,,0.042015057,0.99,,0.043314081,0.99,,0.095813627,0.99,,0.012511513,0.99,,0.139483771,0.99,,0.075718789,0.99,,0.101270114,0.99,,0.111693356,0.99,,0.127843683,0.99,,0.047569174,0.99,,0.037591433,0.99
0.052146801,1.01,,0.13607658,1,,0.027682096,1,,0.049060108,1,,0.030234927,1,,0.110824508,1,,0.077660907,1,,0.028232099,1,,0.023175942,1,,0.05429902,1,,0.012545681,1,,0.059381633,1,,0.074314349,1,,0.131682355,1,,0.037671332,1,,0.035362458,1,,0.049110577,1,,0.163256363,1,,0.076639979,1,,0.106885798,1,,0.133655108,1
0.092753328,1.02,,0.069697852,1.01,,0.028918356,1.01,,0.148505114,1.01,,0.046119232,1.01,,0.140145061,1.01,,0.044123816,1.01,,0.056606903,1.01,,0.050188852,1.01,,0.011742753,1.01,,0.044160642,1.01,,0.026675845,1.01,,0.027107296,1.01,,0.052577238,1.01,,0.012785478,1.01,,0.01504404,1.01,,0.016182162,1.01,,0.125248929,1.01,,0.012303011,1.01,,0.060698353,1.01,,0.054105084,1.01
0.077685676,1.03,,0.021682671,1.02,,0.022355086,1.02,,0.137889819,1.02,,0.062593574,1.02,,0.055251126,1.02,,0.14308852,1.02,,0.085158087,1.02,,0.111982309,1.02,,0.164534158,1.02,,0.024962505,1.02,,0.02564551,1.02,,0.118446782,1.02,,0.108422595,1.02,,0.15586356,1.02,,0.162222954,1.02,,0.151355739,1.02,,0.105785707,1.02,,0.146284657,1.02,,0.024890028,1.02,,0.02665118,1.02
0.075973194,1.04,,0.161487912,1.03,,0.073221169,1.03,,0.139333517,1.03,,0.026091998,1.03,,0.053090228,1.03,,0.012019165,1.03,,0.170416962,1.03,,0.070010123,1.03,,0.099414389,1.03,,0.012187356,1.03,,0.094404879,1.03,,0.040102192,1.03,,0.148211383,1.03,,0.092172663,1.03,,0.062157832,1.03,,0.130625537,1.03,,0.035437228,1.03,,0.063493613,1.03,,0.036821059,1.03,,0.033014324,1.03
0.056527487,1.05,,0.099960427,1.04,,0.028255801,1.04,,0.098988234,1.04,,0.070484071,1.04,,0.0651119,1.04,,0.109970979,1.04,,0.094847862,1.04,,0.044357135,1.04,,0.016279957,1.04,,0.155912388,1.04,,0.039936571,1.04,,0.032177242,1.04,,0.042255995,1.04,,0.100485966,1.04,,0.121536769,1.04,,0.066249657,1.04,,0.11162462,1.04,,0.049906343,1.04,,0.085697094,1.04,,0.085424871,1.04
0.061158177,1.06,,0.019642069,1.05,,0.029987577,1.05,,0.107506326,1.05,,0.036410448,1.05,,0.043561844,1.05,,0.096930075,1.05,,0.061258313,1.05,,0.034010433,1.05,,0.105231052,1.05,,0.05334206,1.05,,0.016244852,1.05,,0.020706052,1.05,,0.062824747,1.05,,0.024310376,1.05,,0.166027929,1.05,,0.048053791,1.05,,0.036198555,1.05,,0.068629676,1.05,,0.016276383,1.05,,0.083397188,1.05
0.074600145,1.07,,0.097970194,1.06,,0.015691149,1.06,,0.016417047,1.06,,0.047063172,1.06,,0.09617198,1.06,,0.02416612,1.06,,0.09794418,1.06,,0.03594539,1.06,,0.117309804,1.06,,0.092574046,1.06,,0.012729362,1.06,,0.092123353,1.06,,0.089729173,1.06,,0.125135861,1.06,,0.01079644,1.06,,0.02803238,1.06,,0.080021964,1.06,,0.033945562,1.06,,0.0218302,1.06,,0.087566164,1.06
0.078669324,1.08,,0.144230346,1.07,,0.017848256,1.07,,0.0440605,1.07,,0.141889506,1.07,,0.04428732,1.07,,0.015965829,1.07,,0.099686979,1.07,,0.069788738,1.07,,0.031378301,1.07,,0.032380228,1.07,,0.022254846,1.07,,0.056742089,1.07,,0.011082597,1.07,,0.149064493,1.07,,0.079826777,1.07,,0.074518909,1.07,,0.094022329,1.07,,0.132114046,1.07,,0.083230653,1.07,,0.147630164,1.07
0.058678683,1.09,,0.032323542,1.08,,0.023586402,1.08,,0.058797546,1.08,,0.097656935,1.08,,0.152484161,1.08,,0.158645384,1.08,,0.031786273,1.08,,0.10108292,1.08,,0.163678373,1.08,,0.070358092,1.08,,0.116299541,1.08,,0.058102447,1.08,,0.059043105,1.08,,0.05793491,1.08,,0.056644084,1.08,,0.054811009,1.08,,0.031569028,1.08,,0.084808968,1.08,,0.065851527,1.08,,0.097922228,1.08
0.085178302,1.1,,0.013627103,1.09,,0.166245821,1.09,,0.009729936,1.09,,0.073929692,1.09,,0.030161305,1.09,,0.027698407,1.09,,0.032638431,1.09,,0.039304831,1.09,,0.041088403,1.09,,0.009834405,1.09,,0.009854879,1.09,,0.020712328,1.09,,0.160168846,1.09,,0.056935905,1.09,,0.126793954,1.09,,0.027361123,1.09,,0.048467684,1.09,,0.145951767,1.09,,0.077287356,1.09,,0.055781478,1.09
0.079941546,1.11,,0.035290046,1.1,,0.039637327,1.1,,0.040637556,1.1,,0.146823069,1.1,,0.071624167,1.1,,0.023891246,1.1,,0.131922615,1.1,,0.030906621,1.1,,0.028480606,1.1,,0.082065882,1.1,,0.148793552,1.1,,0.078848526,1.1,,0.063169653,1.1,,0.166516609,1.1,,0.018861533,1.1,,0.046850524,1.1,,0.115934609,1.1,,0.149480745,1.1,,0.123869758,1.1,,0.159961389,1.1
0.059432713,1.12,,0.055598238,1.11,,0.048231209,1.11,,0.082130065,1.11,,0.077421844,1.11,,0.111865139,1.11,,0.056207811,1.11,,0.021624901,1.11,,0.151579247,1.11,,0.023083994,1.11,,0.027074008,1.11,,0.030457451,1.11,,0.051099335,1.11,,0.040839766,1.11,,0.103867759,1.11,,0.149641614,1.11,,0.147593909,1.11,,0.00983802,1.11,,0.161363072,1.11,,0.136425712,1.11,,0.112887827,1.11
0.052272873,1.13,,0.033094856,1.12,,0.063254385,1.12,,0.01276821,1.12,,0.07451067,1.12,,0.107191994,1.12,,0.008039019,1.12,,0.043585764,1.12,,0.05980258,1.12,,0.017578281,1.12,,0.00950201,1.12,,0.008104317,1.12,,0.129381923,1.12,,0.017790167,1.12,,0.084791246,1.12,,0.096059078,1.12,,0.068059323,1.12,,0.008498785,1.12,,0.0581186,1.12,,0.122385943,1.12,,0.166137106,1.12
0.067202438,1.14,,0.030157309,1.13,,0.009808192,1.13,,0.072365236,1.13,,0.032645137,1.13,,0.101194418,1.13,,0.16155902,1.13,,0.023617508,1.13,,0.007563795,1.13,,0.108837153,1.13,,0.03262907,1.13,,0.058342147,1.13,,0.015196908,1.13,,0.038383506,1.13,,0.030122217,1.13,,0.014360672,1.13,,0.072357003,1.13,,0.077956331,1.13,,0.083722658,1.13,,0.046037118,1.13,,0.028602057,1.13
0.055700919,1.15,,0.046264795,1.14,,0.126292274,1.14,,0.009996177,1.14,,0.063231227,1.14,,0.123529223,1.14,,0.022588306,1.14,,0.111099975,1.14,,0.122805071,1.14,,0.03304813,1.14,,0.061530042,1.14,,0.02123139,1.14,,0.020701059,1.14,,0.073330468,1.14,,0.094167056,1.14,,0.09110235,1.14,,0.062805254,1.14,,0.070332978,1.14,,0.024587206,1.14,,0.059027342,1.14,,0.106378436,1.14
0.062791869,1.16,,0.125260395,1.15,,0.10490593,1.15,,0.079878631,1.15,,0.130494293,1.15,,0.015216785,1.15,,0.04896113,1.15,,0.109925444,1.15,,0.030716666,1.15,,0.007704786,1.15,,0.10245652,1.15,,0.021140692,1.15,,0.057852885,1.15,,0.071111178,1.15,,0.033876815,1.15,,0.04458464,1.15,,0.023148086,1.15,,0.020594389,1.15,,0.036348215,1.15,,0.007799742,1.15,,0.042041147,1.15
0.06034029,1.17,,0.013493127,1.16,,0.079130462,1.16,,0.140440791,1.16,,0.03971656,1.16,,0.007808033,1.16,,0.059127013,1.16,,0.114104874,1.16,,0.10748015,1.16,,0.024520813,1.16,,0.148902624,1.16,,0.151043613,1.16,,0.058558966,1.16,,0.039762409,1.16,,0.021333892,1.16,,0.008712174,1.16,,0.053834647,1.16,,0.078978134,1.16,,0.026338738,1.16,,0.066800132,1.16,,0.01575022,1.16
0.0790274,1.18,,0.100603785,1.17,,0.037526827,1.17,,0.006502784,1.17,,0.058705953,1.17,,0.0433914,1.17,,0.043851529,1.17,,0.04423577,1.17,,0.038344698,1.17,,0.01886833,1.17,,0.050948051,1.17,,0.124299605,1.17,,0.09129597,1.17,,0.061892779,1.17,,0.092857429,1.17,,0.054006687,1.17,,0.007408723,1.17,,0.134437357,1.17,,0.031815363,1.17,,0.110163974,1.17,,0.055648782,1.17
0.076138195,1.19,,0.092545114,1.18,,0.010738888,1.18,,0.111923951,1.18,,0.103706439,1.18,,0.078793176,1.18,,0.065317957,1.18,,0.035538366,1.18,,0.02608015,1.18,,0.05846376,1.18,,0.048486735,1.18,,0.037356733,1.18,,0.060668745,1.18,,0.155791605,1.18,,0.112719653,1.18,,0.058891871,1.18,,0.15202244,1.18,,0.107876962,1.18,,0.126981731,1.18,,0.027932746,1.18,,0.108710978,1.18
0.051323202,1.2,,0.050640293,1.19,,0.076688444,1.19,,0.088395013,1.19,,0.040991896,1.19,,0.120354333,1.19,,0.095902824,1.19,,0.027750467,1.19,,0.022895457,1.19,,0.048205932,1.19,,0.006157417,1.19,,0.073954086,1.19,,0.109430758,1.19,,0.154222337,1.19,,0.060702495,1.19,,0.098633575,1.19,,0.064028068,1.19,,0.090721514,1.19,,0.029517893,1.19,,0.114622973,1.19,,0.148948121,1.19
0.060981927,1.21,,0.110172973,1.2,,0.04711627,1.2,,0.022097329,1.2,,0.024196058,1.2,,0.025371951,1.2,,0.120913735,1.2,,0.114089869,1.2,,0.090748155,1.2,,0.031975213,1.2,,0.044245578,1.2,,0.012839477,1.2,,0.007017085,1.2,,0.007793155,1.2,,0.088617316,1.2,,0.055110326,1.2,,0.13132942,1.2,,0.008290982,1.2,,0.041218294,1.2,,0.015267409,1.2,,0.028053448,1.2
0.05812824,1.22,,0.070745911,1.21,,0.113721216,1.21,,0.075749108,1.21,,0.015898252,1.21,,0.021659573,1.21,,0.070600866,1.21,,0.038447976,1.21,,0.052850921,1.21,,0.01434446,1.21,,0.133618415,1.21,,0.118628279,1.21,,0.119397114,1.21,,0.022195339,1.21,,0.07103755,1.21,,0.091892645,1.21,,0.029186782,1.21,,0.012089242,1.21,,0.117517174,1.21,,0.015342784,1.21,,0.01471493,1.21
0.063349106,1.23,,0.057592566,1.22,,0.041197918,1.22,,0.005903526,1.22,,0.059178819,1.22,,0.060755876,1.22,,0.155253517,1.22,,0.130303811,1.22,,0.019037672,1.22,,0.029185149,1.22,,0.02721529,1.22,,0.090544602,1.22,,0.012435121,1.22,,0.029975857,1.22,,0.031330135,1.22,,0.132473706,1.22,,0.122812935,1.22,,0.067653056,1.22,,0.006687412,1.22,,0.029852616,1.22,,0.053175218,1.22
0.048159545,1.24,,0.011510544,1.23,,0.027719618,1.23,,0.045502713,1.23,,0.123541628,1.23,,0.067944991,1.23,,0.008733943,1.23,,0.036579231,1.23,,0.018436397,1.23,,0.114012473,1.23,,0.02862786,1.23,,0.114621737,1.23,,0.108315571,1.23,,0.008790132,1.23,,0.042800296,1.23,,0.144827596,1.23,,0.005721788,1.23,,0.005886143,1.23,,0.10898164,1.23,,0.131623468,1.23,,0.112804347,1.23
,,,0.021965973,1.24,,0.100858726,1.24,,0.119321937,1.24,,0.10128851,1.24,,0.005986687,1.24,,0.010580964,1.24,,0.087720439,1.24,,0.030355779,1.24,,0.078971201,1.24,,0.034138992,1.24,,0.028868076,1.24,,0.05003222,1.24,,0.036794227,1.24,,0.009248851,1.24,,0.032533062,1.24,,0.044273949,1.24,,0.122562375,1.24,,0.022860173,1.24,,0.005258079,1.24,,0.019570687,1.24
